{"final_val_precision": 0.7837923858489411, "final_val_recall": 0.5412616024481377, "final_val_f1": 0.6403312264981198, "final_val_accuracy": 0.754021667760998, "final_test_precision": 0.3818046315881766, "final_test_recall": 0.47815365188587744, "final_test_f1": 0.42458170915760884, "final_test_accuracy": 0.7171915931889337, "_runtime": 4201}