{"test_f1":0.5459987659406697,"val_f1":0.3368656865217366,"_runtime":693,"_wandb":{"runtime":693},"alpha":1,"test_accuracy":0.6771541579497908,"val_loss":0.3939581141933185,"val_recall":0.22814180521244568,"test_precision":0.55400401836969,"run_id":7,"_timestamp":1.7629667541191545e+09,"epoch":20,"val_accuracy":0.7444009945750452,"test_recall":0.5382215669256483,"val_precision":0.6435645782916555,"_step":20}