{"_runtime": 893, "_timestamp": 1762902116.7339895, "_step": 25, "val_precision": 0.7105697575700406, "val_recall": 0.5211443001193421, "run_id": 6, "epoch": 25, "val_loss": 0.42964334323436143, "val_f1": 0.601291146566089, "val_accuracy": 0.7526309924722663, "alpha": 0.1, "test_f1": 0.44346776426914936, "test_precision": 0.4348188375756571, "test_recall": 0.4524677431183162, "test_accuracy": 0.740913260164394}