{"final_val_precision": 0.8240190575285452, "final_val_recall": 0.5088001082049808, "final_val_f1": 0.6291340887235021, "final_val_accuracy": 0.7573320201356971, "final_test_precision": 0.3878135734559448, "final_test_recall": 0.46384257818933805, "final_test_f1": 0.42243444709725536, "final_test_accuracy": 0.72323254105169, "_runtime": 2156}