{"_wandb":{"runtime":716},"_step":20,"val_accuracy":0.7742364890223307,"val_precision":0.7236772395365444,"val_recall":0.5424205801104972,"_runtime":716,"run_id":1,"test_accuracy":0.7482128965166862,"_timestamp":1.762910715037999e+09,"val_loss":0.43790017652398333,"test_precision":0.43386073470666564,"alpha":0.1,"test_f1":0.4661472852397072,"epoch":20,"val_f1":0.6200744081395004,"test_recall":0.5036255108674405}