{"_runtime": 911, "val_loss": 0.4201557793160556, "val_f1": 0.6260826723161058, "val_precision": 0.7292321817973143, "val_accuracy": 0.7774734940889473, "_step": 25, "epoch": 25, "val_recall": 0.5484979281767955, "alpha": 0.1, "run_id": 1, "_timestamp": 1762897648.5905223, "test_f1": 0.4347984881998334, "test_precision": 0.39623855166662303, "test_recall": 0.4816724174770081, "test_accuracy": 0.7266654494649605}