{"test_recall":0.4669902605865765,"alpha":0.9,"run_id":0,"val_precision":0.5788395522089478,"_timestamp":1.7629429177137873e+09,"val_loss":0.41508713825839505,"epoch":20,"_runtime":710,"_wandb":{"runtime":710},"test_f1":0.49601063829787234,"test_precision":0.528876861832983,"val_f1":0.5835558531449915,"val_recall":0.5883496409080188,"_step":20,"val_accuracy":0.6916395871165057,"test_accuracy":0.7072767230625292}