{"_runtime": 847, "_step": 25, "val_loss": 0.4387286252865327, "alpha": 0.1, "_timestamp": 1762900313.3281658, "epoch": 25, "val_f1": 0.6060450283211957, "val_precision": 0.6476165286565889, "val_recall": 0.569488674991949, "val_accuracy": 0.757005120255543, "run_id": 4, "test_f1": 0.43279194487924755, "test_precision": 0.44064467821326425, "test_recall": 0.4252141982864137, "test_accuracy": 0.7560064239088344}