{"alpha":0.5,"_step":20,"val_accuracy":0.678688814724919,"test_precision":0.46277499383882365,"val_f1":0.4786434651806776,"test_f1":0.4970643927696003,"epoch":20,"_timestamp":1.7629252353999257e+09,"test_recall":0.53684178426305,"test_accuracy":0.7010976725063767,"val_recall":0.3534591576034819,"val_loss":0.4345216665042523,"_runtime":703,"_wandb":{"runtime":703},"val_precision":0.7411281443211654,"run_id":1}