Model,Valid_Samples,Outliers,Accuracy,Prec(m),Rec(m),F1(m),Prec(w),Rec(w),F1(w)
qwen2.5,466,0,0.2017167381974249,0.07293658292574477,0.1854978354978355,0.08834026086260212,0.15490124843277983,0.2017167381974249,0.16349844689045637
LLaVA-OneVision,422,44,0.22037914691943128,0.07230392156862744,0.12753378378378377,0.07492260061919505,0.16962487996778491,0.22037914691943128,0.15667982333866448
LLaVA-NeXT,466,0,0.2918454935622318,0.053682342502218275,0.11969696969696969,0.07412203049441111,0.13086510961914155,0.2918454935622318,0.18070231209382245
