Model,Valid_Samples,Outliers,Accuracy,Prec(m),Rec(m),F1(m),Prec(w),Rec(w),F1(w)
qwen2.5,1036,0,0.3581081081081081,0.16256759246575014,0.2180544890096547,0.14325551300062433,0.5973674295422412,0.3581081081081081,0.4175456267454878
LLaVA-OneVision,1036,15,0.45077220077220076,0.10575704175635038,0.15248587236891328,0.10423706610519229,0.381009466416212,0.45077220077220076,0.39070786831797827
LLaVA-NeXT,1036,0,0.5685328185328186,0.10298071084956331,0.12486266170476695,0.10234619876341673,0.3753521401062384,0.5685328185328186,0.43414142174774534
