{"_timestamp":1.762967507530493e+09,"test_accuracy":0.724944643610291,"epoch":20,"test_f1":0.49259152998157,"val_f1":0.6058943040075115,"val_recall":0.5509155675930287,"_wandb":{"runtime":751},"test_precision":0.6729109786962674,"val_accuracy":0.801288853336816,"val_loss":0.4078739877547597,"alpha":1,"run_id":8,"_runtime":751,"test_recall":0.388488546456554,"val_precision":0.6730627438991494,"_step":20}