{"final_val_precision": 0.8260774686306601, "final_val_recall": 0.5120124435727932, "final_val_f1": 0.6321876272088678, "final_val_accuracy": 0.7589803567520245, "final_test_precision": 0.3887557626108428, "final_test_recall": 0.43866551982870633, "final_test_f1": 0.4122053718253243, "final_test_accuracy": 0.7270092565970225, "_runtime": 4913}