{"_timestamp":1.7629681845310888e+09,"test_recall":0.3949358423986003,"val_f1":0.4675246690626204,"_step":20,"val_loss":0.39290955729810073,"test_f1":0.4866305300163233,"epoch":20,"val_accuracy":0.7574149082119291,"val_precision":0.4747711014434716,"run_id":9,"_wandb":{"runtime":675},"val_recall":0.460496115819209,"alpha":1,"test_accuracy":0.6967742905242905,"test_precision":0.633778876247023,"_runtime":675}