{"val_loss":0.4209266280757928,"run_id":4,"test_precision":0.5524278098318418,"epoch":20,"val_accuracy":0.684761527534965,"_runtime":718,"test_f1":0.5536437212209033,"val_f1":0.5808080349440151,"val_precision":0.7102735238264462,"_wandb":{"runtime":718},"val_recall":0.4912628369088493,"_timestamp":1.762945857078446e+09,"test_recall":0.5548649969372234,"test_accuracy":0.7061579984809577,"_step":20,"alpha":0.9}