{"val_f1":0.49473554623972216,"test_recall":0.4512314153543713,"test_accuracy":0.723580313683072,"val_loss":0.4195483015217409,"_runtime":653,"val_accuracy":0.6664057152635181,"_step":20,"test_precision":0.4395127274674951,"_wandb":{"runtime":653},"epoch":20,"_timestamp":1.76292725133961e+09,"val_recall":0.4620132148994361,"test_f1":0.4452949855008564,"val_precision":0.5324463411572737,"run_id":4,"alpha":0.5}