{"test_recall":0.35417089157984827,"alpha":1,"val_loss":0.4063377726420027,"test_accuracy":0.6961346313247802,"val_accuracy":0.7947094535993061,"val_precision":0.8642515600940108,"test_f1":0.4330385191629211,"val_recall":0.49340674593994355,"_step":20,"_runtime":745,"_timestamp":1.7629631813895192e+09,"val_f1":0.6281809613572101,"test_precision":0.5570934256055363,"run_id":2,"epoch":20,"_wandb":{"runtime":745}}