{"run_id":7,"val_loss":0.42200258065355584,"val_precision":0.6666876257545271,"test_accuracy":0.7534536928857873,"val_recall":0.4810216549721752,"test_f1":0.49932268329632806,"_wandb":{"runtime":704},"test_recall":0.5239941791509299,"_runtime":704,"val_accuracy":0.7027580492424242,"val_f1":0.5588369641602249,"epoch":20,"_timestamp":1.7629223507817433e+09,"test_precision":0.4768699619539007,"_step":20,"alpha":0.3}