{"test_precision":0.4720188504586384,"test_f1":0.40147116716081804,"test_accuracy":0.7596413220362968,"val_precision":0.7597875724767817,"_step":20,"_wandb":{"runtime":746},"_runtime":746,"epoch":20,"val_loss":0.4320888008508417,"run_id":7,"val_recall":0.5526114459517456,"val_f1":0.6398470330240145,"_timestamp":1.7629150933516316e+09,"alpha":0.1,"val_accuracy":0.7892710861650486,"test_recall":0.34926953106289216}