{"val_accuracy":0.7511334844645953,"_timestamp":1.7629258946994393e+09,"_runtime":646,"_wandb":{"runtime":646},"val_recall":0.5370527032817324,"test_recall":0.46106489577917475,"val_f1":0.620786873587158,"run_id":2,"epoch":20,"_step":20,"alpha":0.5,"test_precision":0.5271626788440493,"test_accuracy":0.7313314934805215,"test_f1":0.4919033061237354,"val_precision":0.7354547506206274,"val_loss":0.41923024089240707}