{"val_recall":0.2708209780276905,"_step":20,"_wandb":{"runtime":646},"val_accuracy":0.6589061899731079,"test_accuracy":0.6748109135182999,"run_id":7,"val_loss":0.39487428187379614,"test_precision":0.4641820961644957,"val_precision":0.7246493221534362,"test_f1":0.46664619322591333,"_timestamp":1.7629406869370751e+09,"alpha":0.7,"_runtime":646,"epoch":20,"val_f1":0.39428647568287806,"test_recall":0.4691365910784627}