{"final_val_precision": 0.8343180212014134, "final_val_recall": 0.4989940318190272, "final_val_f1": 0.6244895368274053, "final_val_accuracy": 0.7572362661413876, "final_test_precision": 0.369723679022426, "final_test_recall": 0.4847738960159581, "final_test_f1": 0.4195035622447586, "final_test_accuracy": 0.7072441457414862, "_runtime": 610}