{"_timestamp":1.7629136200068958e+09,"run_id":5,"test_precision":0.41518714446175586,"test_accuracy":0.7356831010760275,"val_recall":0.5123754961431888,"_runtime":730,"val_loss":0.4296552115121516,"val_f1":0.6439900225903614,"test_recall":0.4531523426300335,"test_f1":0.4333397938007875,"val_accuracy":0.8065543166939444,"epoch":20,"alpha":0.1,"_step":20,"val_precision":0.8665927802406587,"_wandb":{"runtime":730}}