{"run_id":1,"_step":20,"_runtime":733,"test_f1":0.5383692574400463,"test_accuracy":0.7367764129059469,"alpha":0.7,"test_precision":0.5861367800124822,"epoch":20,"test_recall":0.4978007275338654,"val_precision":0.6112661956375257,"_timestamp":1.762932257351716e+09,"_wandb":{"runtime":733},"val_loss":0.4227850795023052,"val_recall":0.3341471885162227,"val_f1":0.43209221305898043,"val_accuracy":0.6853814837153197}