{"final_val_precision": 0.8229001801015118, "final_val_recall": 0.5098483439565827, "final_val_f1": 0.6296075913688892, "final_val_accuracy": 0.757325180564675, "final_test_precision": 0.3832895192679994, "final_test_recall": 0.4302563914865582, "final_test_f1": 0.40541723159031484, "final_test_accuracy": 0.7246152402402403, "_runtime": 4904}