{"final_val_precision": 0.8186275788320597, "final_val_recall": 0.5306608957343568, "final_val_f1": 0.6439151485311012, "final_val_accuracy": 0.7625711315386299, "final_test_precision": 0.3890395699133046, "final_test_recall": 0.44099884706183773, "final_test_f1": 0.41339291841075965, "final_test_accuracy": 0.7268984409941857, "_runtime": 1313}