{"alpha":1,"val_f1":0.42746386237203937,"test_f1":0.5432603180798127,"test_precision":0.49694312426088316,"test_accuracy":0.6804910927581735,"val_loss":0.40223547981266705,"_wandb":{"runtime":724},"val_recall":0.34371750023636194,"run_id":6,"test_recall":0.5990988567585743,"_runtime":724,"val_accuracy":0.7612145694389957,"_timestamp":1.762966059220076e+09,"val_precision":0.5651658537533277,"_step":20,"epoch":20}