{"epoch":20,"val_accuracy":0.6711528658812869,"run_id":9,"_step":20,"val_recall":0.4846499732724014,"val_precision":0.5139436917160355,"test_precision":0.6540340336485072,"_wandb":{"runtime":733},"_runtime":733,"val_f1":0.4988671672708441,"alpha":0.7,"test_f1":0.5583824500543915,"_timestamp":1.7629421927755082e+09,"test_recall":0.4871390323197552,"val_loss":0.41657396500170935,"test_accuracy":0.7747554226296959}