{"test_recall":0.5669959921215354,"epoch":20,"val_loss":0.4055270716366424,"test_f1":0.6016793632204326,"_runtime":774,"val_recall":0.27116204608777306,"val_precision":0.39985699531262414,"_wandb":{"runtime":774},"run_id":3,"val_f1":0.3231682986676451,"val_accuracy":0.7156984002219345,"test_accuracy":0.7492079452441434,"alpha":1,"_step":20,"_timestamp":1.7629639580957265e+09,"test_precision":0.6408823950723392}