{"_timestamp":1.7629336412901676e+09,"val_f1":0.5127124894529705,"epoch":20,"val_accuracy":0.6736905740295865,"val_recall":0.4446752980911929,"val_precision":0.6053306211162817,"test_f1":0.5230919323939348,"test_precision":0.4665037825041164,"test_recall":0.5953038763192718,"_step":20,"run_id":3,"test_accuracy":0.6932220365451415,"alpha":0.7,"val_loss":0.410947003858767,"_runtime":664,"_wandb":{"runtime":664}}