{"_runtime": 899, "val_f1": 0.6334255751498504, "val_accuracy": 0.7633241033755275, "alpha": 0.1, "run_id": 0, "val_loss": 0.41241320733751846, "val_precision": 0.7435393393105432, "val_recall": 0.551719230837647, "_timestamp": 1762896736.1093204, "_step": 25, "epoch": 25, "test_f1": 0.4842088795519996, "test_precision": 0.3835770614032869, "test_recall": 0.6564217761272843, "test_accuracy": 0.6864558426233581}