{"test_f1":0.4765699936191672,"val_f1":0.5897576553102286,"alpha":0.3,"val_loss":0.41440920614946636,"epoch":20,"test_recall":0.4605970422417532,"run_id":4,"val_recall":0.46380093983514364,"_wandb":{"runtime":715},"val_accuracy":0.725743922883487,"test_accuracy":0.7356085936720231,"_step":20,"val_precision":0.8096339528253678,"_timestamp":1.7629201531793861e+09,"_runtime":715,"test_precision":0.4936905894042842}