{"_runtime": 876, "run_id": 2, "_timestamp": 1762898526.758816, "_step": 25, "val_loss": 0.42346887349257417, "val_f1": 0.6580053496369889, "val_recall": 0.5556947608200455, "val_accuracy": 0.8083173755291272, "alpha": 0.1, "epoch": 25, "val_precision": 0.8064907157419141, "test_accuracy": 0.7417222906952571, "test_f1": 0.44418524295811923, "test_precision": 0.424426327119498, "test_recall": 0.4658737174626184}