{"test_f1":0.4420242558552542,"_step":20,"epoch":20,"val_precision":0.7217325671990651,"_runtime":676,"test_recall":0.4599202432186994,"val_loss":0.45468859832938613,"_timestamp":1.7629128751651685e+09,"val_recall":0.5303431495330447,"test_accuracy":0.7458095922996072,"_wandb":{"runtime":676},"test_precision":0.42546881049609536,"run_id":4,"val_f1":0.6114101850133037,"val_accuracy":0.7787485907553551,"alpha":0.1}