{"_runtime": 979, "final_test_precision": 0.29943600449836694, "_timestamp": 1762351979.8402514, "final_val_precision": 0.7634804843197713, "final_val_recall": 0.501176586746532, "final_test_recall": 0.9672419157074099, "final_test_f1": 0.45730181288029714, "final_test_accuracy": 0.4990515781739186, "_step": 0, "final_val_f1": 0.6051261672958475, "final_val_accuracy": 0.7339633754551296}