{"val_accuracy":0.6339710728670817,"val_loss":0.40554772705690884,"epoch":20,"test_recall":0.3557789837038552,"alpha":0.7,"val_precision":0.5989772805271467,"_wandb":{"runtime":651},"_step":20,"test_precision":0.5904544602112897,"_timestamp":1.7629315108775582e+09,"val_f1":0.4211224785252389,"test_accuracy":0.7178195296523517,"test_f1":0.4440157746024871,"run_id":0,"_runtime":651,"val_recall":0.324706976744186}