{"alpha":0.1,"test_precision":0.42492994223809016,"_wandb":{"runtime":699},"epoch":20,"test_accuracy":0.7285392155328869,"val_precision":0.8409335309675356,"test_f1":0.428378169688359,"_timestamp":1.762915804366686e+09,"test_recall":0.43188281843583537,"val_loss":0.42751792916607145,"val_recall":0.48918795543307353,"val_accuracy":0.7559230685051433,"_runtime":699,"val_f1":0.618551852406097,"_step":20,"run_id":8}