{"val_recall":0.4151142803345501,"test_f1":0.5736883490143977,"test_precision":0.6657960653013959,"alpha":0.9,"_runtime":775,"_step":20,"run_id":6,"test_recall":0.503968253968254,"val_precision":0.817952247022919,"_wandb":{"runtime":775},"epoch":20,"val_accuracy":0.677175977394849,"_timestamp":1.7629473006218312e+09,"test_accuracy":0.7498281568228106,"val_f1":0.5507304769655995,"val_loss":0.41801900762980576}