{"_step":20,"test_precision":0.45930258772990545,"epoch":20,"alpha":0.5,"val_f1":0.4608992084741547,"run_id":7,"_wandb":{"runtime":725},"_timestamp":1.7629294767041225e+09,"test_recall":0.49810627950603237,"test_f1":0.4779180786201278,"val_loss":0.4089894729605321,"val_precision":0.7364409949504395,"val_recall":0.3354059751708865,"val_accuracy":0.7076748540238639,"test_accuracy":0.7230444285559136,"_runtime":725}