{"val_loss":0.41752005208934373,"test_f1":0.4654143847769583,"test_accuracy":0.7226327680242047,"test_recall":0.46589474391654784,"alpha":0.3,"epoch":20,"_runtime":748,"val_f1":0.5168530484986181,"val_accuracy":0.7169812407817109,"test_precision":0.4649350151623304,"val_precision":0.7583848063268487,"run_id":5,"_wandb":{"runtime":748},"val_recall":0.3920062064541155,"_timestamp":1.7629209119939108e+09,"_step":20}