{"_wandb":{"runtime":784},"epoch":20,"test_accuracy":0.7280365789075504,"val_f1":0.5520948878970767,"_timestamp":1.7629487959618773e+09,"test_f1":0.46357591188457703,"_runtime":784,"val_loss":0.4109433534213919,"test_recall":0.34365320796460175,"test_precision":0.712059135317881,"val_accuracy":0.6977437759336099,"_step":20,"val_recall":0.43438612405338173,"alpha":0.9,"run_id":8,"val_precision":0.7573081899650166}