{"epoch":20,"val_f1":0.5009111204971942,"_step":20,"val_recall":0.3537352354655622,"val_precision":0.8578159874349012,"test_f1":0.4380672883643002,"val_loss":0.43600160987707104,"alpha":0.3,"_wandb":{"runtime":724},"run_id":9,"_runtime":724,"test_recall":0.4357238877627227,"val_accuracy":0.7254872026338148,"test_accuracy":0.720711854720393,"test_precision":0.44043603171453466,"_timestamp":1.7629238183435705e+09}