{"val_precision":0.7844551118374017,"alpha":0.3,"test_recall":0.43194639805193824,"_step":20,"val_loss":0.42735932709911845,"test_f1":0.4761460165556565,"test_accuracy":0.7585415898192549,"val_recall":0.33768003798603663,"run_id":1,"_wandb":{"runtime":737},"_runtime":737,"_timestamp":1.7629179498196027e+09,"val_accuracy":0.6647184220389805,"val_f1":0.47212643148247185,"test_precision":0.5304223468667583,"epoch":20}