{"alpha":0.1,"test_recall":0.48955745390406685,"_step":20,"test_f1":0.44511444885893975,"val_accuracy":0.8102386111671034,"run_id":2,"_runtime":700,"_timestamp":1.7629114325628798e+09,"val_precision":0.7813115817306493,"test_accuracy":0.7296115351489412,"epoch":20,"val_f1":0.6752686781144563,"_wandb":{"runtime":700},"val_recall":0.5945709946848899,"val_loss":0.442912577391702,"test_precision":0.4080691179706025}