{"test_precision":0.4627482087583311,"val_f1":0.56695667285781,"_wandb":{"runtime":693},"_timestamp":1.7629329646356144e+09,"val_accuracy":0.6748678888308977,"test_f1":0.5042103647938972,"val_loss":0.4023110251181965,"run_id":2,"_step":20,"test_accuracy":0.6743974169134583,"alpha":0.7,"epoch":20,"test_recall":0.5538337707545774,"val_precision":0.6228506652347712,"_runtime":693,"val_recall":0.5202683172362926}