{"test_precision":0.6117244346826451,"val_f1":0.4853813628765282,"val_precision":0.4548868427317478,"run_id":4,"val_recall":0.5202582231786044,"_timestamp":1.7629343558702505e+09,"_step":20,"val_loss":0.4178717236152917,"test_recall":0.35615572722309885,"val_accuracy":0.6363941639647985,"test_accuracy":0.737107891882119,"_wandb":{"runtime":703},"test_f1":0.4501986288582563,"epoch":20,"alpha":0.7,"_runtime":703}