{"_runtime": 875, "val_precision": 0.8587948166656982, "val_accuracy": 0.7643836178594878, "alpha": 0.1, "epoch": 25, "val_loss": 0.4135640023858444, "val_f1": 0.6318174531074654, "val_recall": 0.4997379410620995, "run_id": 8, "_timestamp": 1762903909.5079832, "_step": 25, "test_f1": 0.4375005408024643, "test_precision": 0.4567042575388743, "test_recall": 0.4198466309885119, "test_accuracy": 0.7457307247011703}