{"run_id":6,"_runtime":697,"test_precision":0.47453941277371475,"_step":20,"val_loss":0.4126035029899298,"_timestamp":1.7629287381795423e+09,"test_recall":0.5041267808059898,"epoch":20,"alpha":0.5,"val_recall":0.3868730814248802,"test_accuracy":0.7158706964585183,"_wandb":{"runtime":697},"test_f1":0.48888584912112715,"val_f1":0.48570042281832676,"val_accuracy":0.7205053640308583,"val_precision":0.6523422953749907}