{"_timestamp":1.7629495459754817e+09,"epoch":20,"val_accuracy":0.7308891979728985,"val_loss":0.3865517582612879,"val_f1":0.5563255969712966,"run_id":9,"test_f1":0.4794369237302829,"alpha":0.9,"_step":20,"val_precision":0.8189672459893048,"test_recall":0.38726113446964927,"_wandb":{"runtime":739},"test_accuracy":0.6890048322222636,"_runtime":739,"val_recall":0.42123584978640377,"test_precision":0.6291986030648716}