{"val_accuracy":0.7369915957667565,"_step":20,"_timestamp":1.762916485188175e+09,"val_f1":0.5836618214666995,"test_accuracy":0.6989166936944242,"val_loss":0.4220502791397036,"test_f1":0.4030457855859386,"test_recall":0.42467445389420194,"run_id":9,"_wandb":{"runtime":669},"val_precision":0.6173507057546146,"alpha":0.1,"epoch":20,"_runtime":669,"test_precision":0.3835134471912118,"val_recall":0.5534594868200755}