{"test_f1":0.3920546978987725,"val_f1":0.6702758386393276,"test_precision":0.4678046628431805,"_step":20,"alpha":0.1,"test_accuracy":0.7577561196736174,"val_recall":0.5800424870073214,"_runtime":738,"run_id":3,"val_precision":0.7937550289407429,"_timestamp":1.7629121849390802e+09,"_wandb":{"runtime":738},"epoch":20,"val_accuracy":0.8082751325448614,"test_recall":0.33741781670248544,"val_loss":0.4375745874941059}