{"test_f1":0.4819118456013066,"test_recall":0.43656107622214013,"epoch":20,"test_precision":0.5377771246818133,"val_recall":0.4384507984525437,"run_id":6,"_step":20,"_wandb":{"runtime":710},"_timestamp":1.7629216354032462e+09,"_runtime":710,"alpha":0.3,"val_precision":0.7904714458020872,"val_f1":0.5640435563538393,"val_loss":0.4250328682543497,"test_accuracy":0.7684555540368143,"val_accuracy":0.7461543489628726}