{"final_val_precision": 0.7912236660759993, "final_val_recall": 0.5435440512621097, "final_val_f1": 0.6444041331342266, "final_val_accuracy": 0.757325180564675, "final_test_precision": 0.36518368810170776, "final_test_recall": 0.6431564884797687, "final_test_f1": 0.46585520233033645, "final_test_accuracy": 0.6781695259088876, "_runtime": 2514}