{"_runtime": 907, "val_precision": 0.7351492975561278, "val_recall": 0.6093761701490302, "val_accuracy": 0.7916453559738135, "epoch": 25, "val_f1": 0.6663800339864464, "alpha": 0.1, "run_id": 5, "_timestamp": 1762901222.1624672, "_step": 25, "val_loss": 0.4118013197581103, "test_f1": 0.42704631773615476, "test_precision": 0.44053143574893444, "test_recall": 0.41436226482248606, "test_accuracy": 0.7520230640324572}