{"final_val_precision": 0.8068823055219669, "final_val_recall": 0.541532114900164, "final_val_f1": 0.6480984996408445, "final_val_accuracy": 0.7620992011381046, "final_test_precision": 0.35757602158132357, "final_test_recall": 0.5257809783503834, "final_test_f1": 0.4256640757388034, "final_test_accuracy": 0.6903961807552234, "_runtime": 3512}