{"_timestamp":1.7629479973982599e+09,"val_precision":0.7303849867592088,"test_accuracy":0.6603022415204146,"alpha":0.9,"_runtime":682,"val_accuracy":0.7099903159271557,"run_id":7,"test_f1":0.49482532022160897,"test_recall":0.5467517953922157,"_step":20,"val_loss":0.41102001030965885,"test_precision":0.4519065507127052,"val_f1":0.6235762238047626,"epoch":20,"val_recall":0.5440206787530085,"_wandb":{"runtime":682}}