{"val_accuracy":0.739329268292683,"run_id":5,"val_precision":0.8048813474682952,"alpha":0.9,"val_f1":0.6431783983306592,"test_precision":0.39789584988013876,"epoch":20,"test_accuracy":0.6702180830547698,"_wandb":{"runtime":641},"_runtime":641,"_timestamp":1.7629465119544811e+09,"_step":20,"val_loss":0.39965773288601314,"test_f1":0.44543116856091575,"val_recall":0.5355790464718628,"test_recall":0.5058652376480121}