{"_runtime": 914, "run_id": 7, "_timestamp": 1762903032.7884746, "val_loss": 0.4165185464266079, "_step": 25, "epoch": 25, "val_f1": 0.6182405517783283, "val_precision": 0.7446109358569927, "val_recall": 0.5285402399656659, "val_accuracy": 0.7788923442556634, "alpha": 0.1, "test_accuracy": 0.7510469363568826, "test_f1": 0.3932652384891243, "test_precision": 0.4494423539989777, "test_recall": 0.34957129855822194}