{"test_precision":0.5216042361437152,"epoch":20,"_step":20,"val_accuracy":0.6963937352767963,"_runtime":718,"alpha":0.3,"run_id":2,"_timestamp":1.7629186820885925e+09,"_wandb":{"runtime":718},"test_f1":0.5009052224011751,"test_recall":0.48178631783188336,"val_loss":0.4365821319836277,"val_f1":0.5172824965800774,"test_accuracy":0.7584766159216871,"val_precision":0.832768042208404,"val_recall":0.37515783665630337}