{"final_val_precision": 0.8305089341395299, "final_val_recall": 0.5178622753478621, "final_val_f1": 0.6379389344774441, "final_val_accuracy": 0.7622017947034362, "final_test_precision": 0.38881988030146836, "final_test_recall": 0.488351664440093, "final_test_f1": 0.4329388860158793, "final_test_accuracy": 0.720849506421315, "_runtime": 2150}