{"val_loss":0.42356988586431005,"test_precision":0.4571086435880688,"val_f1":0.5057760123221596,"test_f1":0.43896861367442813,"epoch":20,"test_recall":0.4222133774640216,"_wandb":{"runtime":721},"_timestamp":1.7629230827493043e+09,"_runtime":721,"run_id":8,"val_recall":0.36712957514416855,"val_precision":0.8126872476227693,"alpha":0.3,"test_accuracy":0.7225127111340917,"_step":20,"val_accuracy":0.7315736174709405}