split,precision,recall,f1,accuracy
Validation,0.8305089341395299,0.5178622753478621,0.6379389344774441,0.7622017947034362
Test,0.38881988030146836,0.488351664440093,0.4329388860158793,0.720849506421315
