{"test_precision":0.6195442395687039,"val_f1":0.5344477048836722,"val_precision":0.7089908103824605,"run_id":1,"val_accuracy":0.7128813340227508,"test_recall":0.4985635745847491,"_wandb":{"runtime":730},"_timestamp":1.762943660773681e+09,"test_accuracy":0.7109508747755647,"val_recall":0.4288669677321694,"epoch":20,"_runtime":730,"test_f1":0.5525087773876717,"alpha":0.9,"val_loss":0.40665708292027475,"_step":20}