{"test_accuracy":0.7452181987000929,"test_precision":0.5251587883750419,"val_loss":0.435441047143025,"_wandb":{"runtime":690},"val_recall":0.4065598498923861,"alpha":0.5,"epoch":20,"val_accuracy":0.6807143070311568,"_runtime":690,"_step":20,"run_id":0,"test_recall":0.33920366690784615,"_timestamp":1.7629245205865834e+09,"val_f1":0.5080894058956394,"val_precision":0.6772073355701613,"test_f1":0.4121784458289448}