{"val_precision":0.5138554360527509,"_step":20,"test_f1":0.4341132621619098,"_wandb":{"runtime":724},"epoch":20,"test_precision":0.4961735658097766,"val_accuracy":0.6540326712863557,"val_loss":0.38051024318395266,"val_f1":0.43176387490419443,"alpha":1,"val_recall":0.372288500911392,"_runtime":724,"test_recall":0.38585176757809125,"run_id":1,"test_accuracy":0.6699815762724171,"_timestamp":1.7629624344583423e+09}