{"_step":20,"val_f1":0.6161133493654809,"val_accuracy":0.7568895042194093,"test_recall":0.5766094476328979,"val_recall":0.5263710265578028,"run_id":0,"_wandb":{"runtime":709},"test_f1":0.47258918182592163,"test_precision":0.40036363636363637,"alpha":0.1,"val_loss":0.42761910081699595,"val_precision":0.742745983935743,"test_accuracy":0.7114496320218613,"epoch":20,"_timestamp":1.7629099870912042e+09,"_runtime":709}