{"val_accuracy":0.6894767581166886,"_wandb":{"runtime":730},"run_id":6,"val_loss":0.40232825176451575,"_step":20,"val_precision":0.5880956818887854,"test_precision":0.6453856164259765,"test_recall":0.438432400574635,"test_f1":0.5221503253637494,"_runtime":730,"epoch":20,"alpha":0.7,"val_f1":0.5329737156242258,"val_recall":0.487299348235706,"test_accuracy":0.7234542669510172,"_timestamp":1.7629400277668471e+09}