{"val_f1":0.6334255751498504,"_step":25,"run_id":0,"_runtime":876,"test_accuracy":0.6864558426233581,"epoch":25,"val_loss":0.41241320733751846,"test_f1":0.4842088795519996,"_timestamp":1.7629048566905499e+09,"val_recall":0.551719230837647,"alpha":0.1,"_wandb":{"runtime":876},"test_recall":0.6564217761272843,"val_accuracy":0.7633241033755275,"test_precision":0.3835770614032869,"val_precision":0.7435393393105432}