{"val_recall":0.42288566972998953,"val_accuracy":0.6590009930804716,"_step":20,"val_precision":0.6209960824979837,"test_precision":0.5928401372813753,"epoch":20,"run_id":8,"_timestamp":1.7629414396850636e+09,"test_accuracy":0.7302106581884027,"val_f1":0.5031419386082117,"_wandb":{"runtime":739},"test_f1":0.5288117674097909,"test_recall":0.4772657501057889,"_runtime":739,"alpha":0.7,"val_loss":0.4049630795670123}