{"val_loss":0.4331988669785799,"alpha":0.3,"_step":20,"_runtime":731,"run_id":3,"test_accuracy":0.7365764918559637,"test_precision":0.4613025728306385,"val_recall":0.33281641961231473,"_wandb":{"runtime":731},"test_recall":0.5854795811069928,"val_precision":0.8365880689417969,"test_f1":0.5160256813483127,"epoch":20,"_timestamp":1.762919427084101e+09,"val_f1":0.47619151204019927,"val_accuracy":0.7410529938059188}