{"val_precision":0.6284083226921054,"_step":20,"epoch":20,"run_id":0,"_runtime":773,"test_recall":0.3365790481749694,"val_loss":0.39767141096002906,"_wandb":{"runtime":773},"val_accuracy":0.7446977596878364,"val_f1":0.4525709339752779,"_timestamp":1.7629617085863972e+09,"test_precision":0.6533297453474209,"val_recall":0.3536224532927551,"test_accuracy":0.6852759414408518,"test_f1":0.4442775036899525,"alpha":1}