{"_runtime":691,"_step":20,"test_precision":0.5135317735013153,"_wandb":{"runtime":691},"val_precision":0.7438875479199205,"run_id":4,"_timestamp":1.7629646508244014e+09,"epoch":20,"val_loss":0.3903598195834981,"test_recall":0.30328035060177916,"val_recall":0.439474898293,"val_accuracy":0.6944104344318968,"test_accuracy":0.6986738054033266,"val_f1":0.5525270900893775,"alpha":1,"test_f1":0.38134619141127}