{"run_id":5,"test_accuracy":0.6953393881453155,"_step":20,"alpha":1,"val_recall":0.40104026287569033,"test_precision":0.5849943416955089,"_runtime":679,"_timestamp":1.7629653326473513e+09,"epoch":20,"val_f1":0.40861484167073236,"_wandb":{"runtime":679},"test_f1":0.5524978253492119,"val_loss":0.41443434940538215,"val_accuracy":0.7127097620237068,"test_recall":0.5234216789108809,"val_precision":0.4164810557785533}