{"final_val_precision": 0.7739446836929738, "final_val_recall": 0.568194498453007, "final_val_f1": 0.6552988203178317, "final_val_accuracy": 0.7581801269424382, "final_test_precision": 0.3877553468758529, "final_test_recall": 0.5914984535988141, "final_test_f1": 0.46843155051441054, "final_test_accuracy": 0.7070664414414415, "_runtime": 1317}