{"alpha":0.9,"epoch":20,"_step":20,"val_f1":0.6046309857703062,"val_loss":0.40025373755587534,"test_recall":0.3870753564970206,"test_precision":0.49263060454095736,"_wandb":{"runtime":699},"test_f1":0.4335202336222472,"val_accuracy":0.6899554052597543,"_timestamp":1.7629451254264293e+09,"run_id":3,"val_precision":0.6569228615427691,"_runtime":699,"test_accuracy":0.6763745858523755,"val_recall":0.5600502872419993}