{"test_f1":0.43843123944945117,"val_accuracy":0.7189804627096468,"_step":20,"test_accuracy":0.7306787496230501,"test_recall":0.4569736915600737,"val_f1":0.4184762124533672,"val_recall":0.28836144297329674,"test_precision":0.4213348897891918,"_runtime":656,"_wandb":{"runtime":656},"_timestamp":1.7629308459033792e+09,"run_id":9,"val_precision":0.7625588697017268,"epoch":20,"alpha":0.5,"val_loss":0.4288426338741642}