{"val_recall":0.38743904951582997,"_step":20,"epoch":20,"run_id":5,"test_precision":0.5492787900996036,"_timestamp":1.7629280259204454e+09,"test_recall":0.431196979047898,"test_accuracy":0.7441091653901499,"val_accuracy":0.719957522608934,"_runtime":763,"alpha":0.5,"val_precision":0.740160062975597,"_wandb":{"runtime":763},"val_f1":0.5086327367804174,"val_loss":0.41708958564379783,"test_f1":0.48312740079638317}