{"_timestamp":1.7629171977132363e+09,"val_recall":0.2380222011343323,"val_accuracy":0.6364310827158627,"test_f1":0.5206515079704532,"run_id":0,"test_accuracy":0.7511820756528418,"val_f1":0.35928014057412205,"_step":20,"test_precision":0.49930713375090074,"val_precision":0.7323871931551964,"test_recall":0.5439022328490865,"alpha":0.3,"epoch":20,"_runtime":701,"_wandb":{"runtime":701},"val_loss":0.4357281305412356}