{"test_recall":0.4151536081943965,"alpha":0.9,"test_f1":0.45641040140236366,"_runtime":743,"val_accuracy":0.7012033206618963,"_step":20,"run_id":2,"_wandb":{"runtime":743},"test_precision":0.5067719685350124,"val_loss":0.39924557144972017,"val_recall":0.5126166634084178,"test_accuracy":0.6525778571723597,"epoch":20,"val_precision":0.7954563329325978,"_timestamp":1.7629444163268359e+09,"val_f1":0.6234578229435438}