{"test_f1":0.43751048335624243,"_runtime":679,"val_precision":0.5106078575328025,"alpha":0.5,"test_accuracy":0.7608322342096684,"_step":20,"val_f1":0.4523908801307604,"test_recall":0.36740204148831085,"_timestamp":1.76292658697666e+09,"val_loss":0.42009064312197175,"test_precision":0.5406851844872423,"val_recall":0.406090458580989,"epoch":20,"_wandb":{"runtime":679},"run_id":3,"val_accuracy":0.7189340501301191}