{"final_val_precision": 0.7927885495983463, "final_val_recall": 0.5122491419683163, "final_val_f1": 0.6223655560576804, "final_val_accuracy": 0.7485226526592252, "final_test_precision": 0.39439516365126764, "final_test_recall": 0.493082371026481, "final_test_f1": 0.43825177498190454, "final_test_accuracy": 0.7241709794901284, "_runtime": 1326}