{"final_val_precision": 0.820812888667314, "final_val_recall": 0.5288856577679342, "final_val_f1": 0.6432787020090892, "final_val_accuracy": 0.762707922959072, "final_test_precision": 0.33703433068422106, "final_test_recall": 0.4769137858463115, "final_test_f1": 0.39495470372713876, "final_test_accuracy": 0.6811525621366047, "_runtime": 1131}