{"val_loss":0.44382661324767764,"run_id":6,"test_precision":0.4541937918671573,"_timestamp":1.7629143328570986e+09,"_step":20,"val_precision":0.738677674320426,"epoch":20,"test_f1":0.43389793844399727,"val_recall":0.5447359773077123,"val_f1":0.6270531785692954,"_runtime":701,"alpha":0.1,"val_accuracy":0.7680764659270999,"test_recall":0.41533835754127285,"test_accuracy":0.7527487560230529,"_wandb":{"runtime":701}}