{"_runtime": 936, "epoch": 25, "val_loss": 0.42021183667633777, "val_precision": 0.6624401525602532, "val_recall": 0.6193429687796366, "_timestamp": 1762899464.3368132, "val_f1": 0.6401670358970337, "val_accuracy": 0.7660838091353996, "alpha": 0.1, "run_id": 3, "_step": 25, "test_precision": 0.5131745757768744, "test_recall": 0.42209047873147665, "test_accuracy": 0.7735244786944696, "test_f1": 0.46319725369477976}