{"val_recall":0.40037223228103536,"run_id":8,"epoch":20,"val_accuracy":0.7054820372196204,"val_loss":0.4464293668330906,"_timestamp":1.7629301756059148e+09,"_wandb":{"runtime":687},"_step":20,"val_precision":0.6972098922003804,"test_accuracy":0.743537104622871,"test_recall":0.6262052981116377,"test_f1":0.5524011422074486,"alpha":0.5,"test_precision":0.4941597859125536,"_runtime":687,"val_f1":0.5086516529058374}